{"params": {"N": 2500, "tau": 10}, "measurements": {"0": {"T": 1.0, "E_mean": -9985.448, "M_mean": 2498.14, "C": 0.08863331839442254, "xi": 0.001492960000038147, "E_error": 1.3314151748753844, "M_error": 0.17279814814043273, "C_error": 0.005005213809976772, "xi_error": 8.404016356730842e-05}, "1": {"T": 1.1052631578947367, "E_mean": -9968.904, "M_mean": 2495.988, "C": 0.18060372700407398, "xi": 0.003465547886118293, "E_error": 2.1006033114216236, "M_error": 0.27677942121648186, "C_error": 0.0071103354822131945, "xi_error": 0.00012688170970363957}, "2": {"T": 1.2105263157894737, "E_mean": -9941.144, "M_mean": 2492.31, "C": 0.24177617111701824, "xi": 0.0053014626086730025, "E_error": 2.6619260154935493, "M_error": 0.3582613571116087, "C_error": 0.012402695563463706, "xi_error": 0.0002670402483255959}, "3": {"T": 1.3157894736842106, "E_mean": -9894.088, "M_mean": 2485.904, "C": 0.45089957146561616, "xi": 0.01162215833596885, "E_error": 3.9513119401001995, "M_error": 0.5530336987916562, "C_error": 0.0265324779555333, "xi_error": 0.0006438114540019616}, "4": {"T": 1.4210526315789473, "E_mean": -9826.44, "M_mean": 2476.484, "C": 0.5913860205206197, "xi": 0.01796914275565909, "E_error": 4.887206482232366, "M_error": 0.7146341385652819, "C_error": 0.023444013493453503, "xi_error": 0.0005446432488299652}, "5": {"T": 1.526315789473684, "E_mean": -9726.144, "M_mean": 2461.904, "C": 0.7896807202387013, "xi": 0.029355598565486488, "E_error": 6.065759153803651, "M_error": 0.9466352370364528, "C_error": 0.04127592188905854, "xi_error": 0.001392147374781238}, "6": {"T": 1.631578947368421, "E_mean": -9595.656, "M_mean": 2442.058, "C": 1.1357469705295553, "xi": 0.04925796237422094, "E_error": 7.7761366572257815, "M_error": 1.2678190280954509, "C_error": 0.06564592943414703, "xi_error": 0.002524805809494543}, "7": {"T": 1.736842105263158, "E_mean": -9424.4, "M_mean": 2414.358, "C": 1.5061474262617724, "xi": 0.08020898041195715, "E_error": 9.532549711380922, "M_error": 1.6691934243802609, "C_error": 0.05098289677629386, "xi_error": 0.003414049165412775}, "8": {"T": 1.8421052631578947, "E_mean": -9199.896, "M_mean": 2375.216, "C": 1.9905186584227037, "xi": 0.14118136612590934, "E_error": 11.622848251263584, "M_error": 2.2806619109388366, "C_error": 0.08863151764098184, "xi_error": 0.0040222553198272235}, "9": {"T": 1.9473684210526314, "E_mean": -8906.624, "M_mean": 2317.562, "C": 2.468515850772163, "xi": 0.2691263023135127, "E_error": 13.682992252869347, "M_error": 3.2375548254817192, "C_error": 0.09264963769210793, "xi_error": 0.014756756097127767}, "10": {"T": 2.052631578947368, "E_mean": -8526.728, "M_mean": 2232.518, "C": 3.4679010976408606, "xi": 0.5207098445539579, "E_error": 17.094616232254957, "M_error": 4.6234737382194115, "C_error": 0.1425918222048372, "xi_error": 0.02653217836218187}, "11": {"T": 2.1578947368421053, "E_mean": -8006.976, "M_mean": 2076.462, "C": 4.62331582630958, "xi": 2.2491370591611304, "E_error": 20.750187936306613, "M_error": 9.85231041167536, "C_error": 0.2464054411791706, "xi_error": 0.11738956345701726}, "12": {"T": 2.263157894736842, "E_mean": -7189.936, "M_mean": 1651.862, "C": 6.1214750791444645, "xi": 8.563886606176709, "E_error": 25.04135905321491, "M_error": 19.688284629393145, "C_error": 0.18836391830108654, "xi_error": 0.43211963610543436}, "13": {"T": 2.3684210526315788, "E_mean": -6269.392, "M_mean": 736.598, "C": 5.594776669095865, "xi": 33.93792876021335, "E_error": 25.053320152986515, "M_error": 40.09471410507875, "C_error": 0.2611757959285714, "xi_error": 0.7882786753369198}, "14": {"T": 2.473684210526316, "E_mean": -5637.648, "M_mean": 364.878, "C": 3.634586835428797, "xi": 11.01140926982128, "E_error": 21.09049531822308, "M_error": 23.34041526897069, "C_error": 0.13705350717343823, "xi_error": 0.40750008494252055}, "15": {"T": 2.5789473684210527, "E_mean": -5216.376, "M_mean": 254.136, "C": 3.080993133404926, "xi": 5.602914421028572, "E_error": 20.244303618351, "M_error": 16.999777293600054, "C_error": 0.10757629576643458, "xi_error": 0.21466978165812958}, "16": {"T": 2.6842105263157894, "E_mean": -4865.552, "M_mean": 208.506, "C": 2.4441611063217246, "xi": 3.590318080909805, "E_error": 18.767070585683385, "M_error": 13.883205383195918, "C_error": 0.10706537385975277, "xi_error": 0.1133881720279764}, "17": {"T": 2.789473684210526, "E_mean": -4564.312, "M_mean": 172.852, "C": 2.160028998620921, "xi": 2.4096935835773587, "E_error": 18.33441499606647, "M_error": 11.594633964381972, "C_error": 0.09589543357651999, "xi_error": 0.06028067542178674}, "18": {"T": 2.894736842105263, "E_mean": -4317.112, "M_mean": 150.794, "C": 1.822812203321164, "xi": 1.5972510379345448, "E_error": 17.47813341429818, "M_error": 9.61625855060064, "C_error": 0.07304779983551571, "xi_error": 0.10110674057040106}, "19": {"T": 3.0, "E_mean": -4087.224, "M_mean": 134.778, "C": 1.5593517255110045, "xi": 1.4089715621333336, "E_error": 16.753605898193406, "M_error": 9.19447082370704, "C_error": 0.07389535131211497, "xi_error": 0.09594342111222726}}}