{"Temperature": [1.0, 1.2105263157894737, 1.4210526315789473, 1.631578947368421, 1.8421052631578947, 2.052631578947368, 2.263157894736842, 2.473684210526316, 2.6842105263157894, 2.894736842105263, 3.1052631578947367, 3.3157894736842106, 3.526315789473684, 3.7368421052631575, 3.9473684210526314, 4.157894736842105, 4.368421052631579, 4.578947368421052, 4.789473684210526, 5.0], "Magnetisation": [2497.66, 2492.28, 2477.14, 2443.9, 2368.3, 2233.18, 1791.34, 268.06, 112.18, 19.3, 27.96, 9.62, -2.3, 6.48, 6.84, -3.24, -3.68, -1.48, 10.72, 5.52], "Susceptibility": [0.001953760000318289, 0.0057104417386262315, 0.014822927407520238, 0.05766929032246192, 0.20967965714263065, 0.4619879425642583, 4.382408219534995, 24.075473460425528, 6.541532740392157, 4.782963272727273, 3.082487658305084, 2.759033500952381, 1.769110985074627, 1.4112032811267607, 1.1274685525333334, 0.7669171929113924, 0.7157018525301205, 0.8262972983908048, 0.6938784632967033, 0.5184071680000001], "Energy": [-9981.52, -9940.8, -9831.52, -9609.92, -9175.44, -8535.04, -7275.04, -5627.84, -4872.64, -4317.6, -3873.28, -3545.52, -3279.92, -3060.96, -2854.48, -2679.84, -2531.04, -2396.08, -2253.2, -2134.56], "Capacity": [0.11965183999538422, 0.26414554253503375, 0.5072915805742001, 1.3061563910943355, 2.342802935638973, 2.6334950854435366, 6.809072930752203, 2.6726154963150632, 2.1198958392001046, 1.934931358677615, 1.4595260738407871, 0.9955359340488763, 0.8486664833682452, 0.9783438986232859, 0.6383093436870961, 0.6406772887934395, 0.5236892357323262, 0.3689190799101648, 0.39835358241759294, 0.3221377023999989]}