{"Temperature": [1.0, 1.1052631578947367, 1.2105263157894737, 1.3157894736842106, 1.4210526315789473, 1.526315789473684, 1.631578947368421, 1.736842105263158, 1.8421052631578947, 1.9473684210526314, 2.052631578947368, 2.1578947368421053, 2.263157894736842, 2.3684210526315788, 2.473684210526316, 2.5789473684210527, 2.6842105263157894, 2.789473684210526, 2.894736842105263, 3.0], "Magnetisation": [2498.3, 2496.06, 2492.34, 2485.64, 2476.68, 2464.12, 2443.64, 2412.02, 2374.44, 2319.88, 2219.6, 2089.8, 1821.56, 497.04, -224.94, 180.86, 16.16, -61.58, 13.28, 16.18], "Susceptibility": [0.0013879999998956919, 0.0029373638094181112, 0.007720410434577777, 0.01328796160006523, 0.017186583703949498, 0.025406433103747413, 0.05178551741952618, 0.07046342303045093, 0.15906287542854036, 0.2827006097294592, 0.7633362051284085, 1.0169689756096316, 2.477763735813912, 50.665105863111116, 31.243961630638296, 8.143642021224489, 9.196616106666665, 5.186036893584906, 4.675437312000001, 4.4245983466666665], "Energy": [-9986.72, -9969.76, -9941.04, -9891.28, -9827.2, -9739.52, -9608.72, -9408.56, -9201.2, -8913.36, -8503.2, -8023.2, -7345.84, -6207.52, -5657.12, -5171.92, -4891.2, -4571.92, -4314.4, -4088.4], "Capacity": [0.08408064000606537, 0.145677792653678, 0.3513747163657205, 0.5323442544610308, 0.5210284773615326, 0.7730241263249471, 1.1592091811036842, 1.2329355189713562, 2.1958607412236466, 2.900074160523377, 2.9237117054565975, 4.074055728733153, 5.347618102411927, 4.409846902834447, 3.181638975391659, 3.2753596817326383, 2.6370360199924927, 2.2298605581488538, 1.7109333051242304, 1.7558400000000167]}